<?xml version="1.1" encoding="utf-8"?>
<modification>
    <name>GAzie OC3 API</name>
    <version>20250605</version>
    <author>Antonio de Vincentiis</author>
    <link>https://devincentiis.it</link>
    <code>GAzie_Opencart_3.0.X_API_20250605</code>
    <description>Opencart 3.0.X API for GAzie</description>
	<file path="catalog/controller/startup/session.php">
		<operation>
			<search>
				<![CDATA[substr($this->request->get['route'], 0, 4) == 'api/']]>
			</search>
			<add position="replace">
				<![CDATA[( substr($this->request->get['route'], 0, 4) == 'api/' || substr($this->request->get['route'], 0, 25) == 'extension/module/ocgazie/')]]>
			</add>
		</operation>
	</file>
</modification>